genus	reads	relative_abundance	percent
Caldalkalibacillus	54471	0.353758329111951	35.3758329111951
Bacillus	11885	0.0771863512969385	7.71863512969385
Oceanobacillus	11797	0.0766148410811934	7.66148410811934
Pseudomonas	8826	0.0573198768655262	5.73198768655262
Vulcaniibacterium	8780	0.057021132889114	5.7021132889114
Saccharopolyspora	6906	0.0448505630674512	4.48505630674512
Massilia	5009	0.0325306212575822	3.25306212575823
Burkholderia-Caballeronia-Paraburkholderia	3783	0.0245684448427697	2.45684448427697
Malassezia	3062	0.0198859577342218	1.98859577342218
Sphingobacterium	2408	0.0156385977217525	1.56385977217525
uncultured	1853	0.0120341867019964	1.20341867019964
Sphingomonas	1775	0.0115276208289496	1.15276208289496
Comamonas	1764	0.0114561820519815	1.14561820519815
Geobacillus	1583	0.0102806894491421	1.02806894491421
Chryseobacterium	1541	0.0100079232098092	1.00079232098092
Virgibacillus	1272	0.00826092039122472	0.826092039122472
Stenotrophomonas	1266	0.00822195378560574	0.822195378560574
Wallemia	1094	0.00710491109119485	0.710491109119485
Novosphingobium	817	0.00530595279845173	0.530595279845173
Flavobacterium	696	0.00452012625180221	0.452012625180221
Halomonas	694	0.00450713738326254	0.450713738326254
Escherichia-Shigella	655	0.00425385444673914	0.425385444673914
Acinetobacter	639	0.00414994349842185	0.414994349842185
Neisseria	579	0.00376027744223201	0.376027744223201
Actinomadura	578	0.00375378300796218	0.375378300796218
DSSF69	532	0.00345503903154996	0.345503903154996
Tetragenococcus	487	0.00316278948940758	0.316278948940758
Fluviicola	481	0.00312382288378859	0.312382288378859
Cellvibrio	454	0.00294847315850316	0.294847315850316
Altererythrobacter	448	0.00290950655288418	0.290950655288418
Pseudonocardia	434	0.00281858447310655	0.281858447310655
Methylobacterium-Methylorubrum	420	0.00272766239332892	0.272766239332892
Milano-WF1B-03	412	0.00267570691917027	0.267570691917027
Methylophaga	380	0.00246788502253569	0.246788502253569
Enterococcus	340	0.00220810765174246	0.220810765174246
Curvibacter	308	0.00200028575510787	0.200028575510787
Microbacterium	300	0.00194833028094923	0.194833028094923
Salipaludibacillus	291	0.00188988037252075	0.188988037252075
Staphylococcus	289	0.00187689150398109	0.187689150398109
Corynebacterium	277	0.00179895829274312	0.179895829274312
Erythrobacter	273	0.0017729805556638	0.17729805556638
Anoxybacillus	269	0.00174700281858447	0.174700281858447
Janthinobacterium	263	0.00170803621296549	0.170803621296549
Streptomyces	256	0.00166257517307667	0.166257517307667
Cutibacterium	247	0.0016041252646482	0.16041252646482
Polynucleobacter	245	0.00159113639610854	0.159113639610854
Castellaniella	239	0.00155216979048955	0.155216979048955
Candidatus Symbiobacter	235	0.00152619205341023	0.152619205341023
Sphingobium	229	0.00148722544779124	0.148722544779124
Sphingopyxis	222	0.00144176440790243	0.144176440790243
Wolinella	212	0.00137682006520412	0.137682006520412
Pantoea	192	0.00124693137980751	0.124693137980751
Zymomonas	189	0.00122744807699801	0.122744807699801
Nordella	188	0.00122095364272818	0.122095364272818
Allorhizobium-Neorhizobium-Pararhizobium-Rhizobium	183	0.00118848147137903	0.118848147137903
Cerasibacillus	177	0.00114951486576004	0.114951486576004
Thioalkalivibrio	176	0.00114302043149021	0.114302043149021
Taibaiella	173	0.00112353712868072	0.112353712868072
Streptococcus	164	0.00106508722025224	0.106508722025224
Pedobacter	158	0.00102612061463326	0.102612061463326
Delftia	153	0.000993648443284106	0.0993648443284106
Brevibacillus	150	0.000974165140474613	0.0974165140474613
Alicyclobacillus	145	0.00094169296912546	0.094169296912546
Hydrogenophaga	133	0.00086375975788749	0.086375975788749
Georgenia	129	0.000837782020808167	0.0837782020808167
Candidatus Paracaedibacter	128	0.000831287586538337	0.0831287586538337
Lysobacter	123	0.000798815415189183	0.0798815415189183
Brevundimonas	120	0.000779332112379691	0.0779332112379691
Bradyrhizobium	116	0.000753354375300368	0.0753354375300368
Cupriavidus	115	0.000746859941030537	0.0746859941030537
Pelomonas	115	0.000746859941030537	0.0746859941030537
MN 122.2a	113	0.000733871072490875	0.0733871072490875
Limnohabitans	111	0.000720882203951214	0.0720882203951214
Micrococcus	106	0.00068841003260206	0.068841003260206
Christensenellaceae R-7 group	103	0.000668926729792568	0.0668926729792568
Sediminibacterium	100	0.000649443426983076	0.0649443426983076
Thiobacillus	100	0.000649443426983076	0.0649443426983076
Acidovorax	99	0.000642948992713245	0.0642948992713245
Porphyrobacter	98	0.000636454558443414	0.0636454558443414
Turicella	95	0.000616971255633922	0.0616971255633922
Achromobacter	91	0.000590993518554599	0.0590993518554599
Microvirga	91	0.000590993518554599	0.0590993518554599
Falsirhodobacter	90	0.000584499084284768	0.0584499084284768
Diaphorobacter	89	0.000578004650014937	0.0578004650014937
Aeribacillus	84	0.000545532478665783	0.0545532478665783
Romboutsia	84	0.000545532478665783	0.0545532478665783
Azospirillum	83	0.000539038044395953	0.0539038044395953
Lysinibacillus	82	0.000532543610126122	0.0532543610126122
Shewanella	81	0.000526049175856291	0.0526049175856291
Haemophilus	77	0.000500071438776968	0.0500071438776968
Filobacillus	76	0.000493577004507137	0.0493577004507137
Arthrobacter	67	0.000435127096078661	0.0435127096078661
Qipengyuania	66	0.00042863266180883	0.042863266180883
Aquabacterium	65	0.000422138227538999	0.0422138227538999
Sphingorhabdus	65	0.000422138227538999	0.0422138227538999
Ralstonia	63	0.000409149358999338	0.0409149358999338
Cladosporium	60	0.000389666056189845	0.0389666056189845
Anaerovorax	59	0.000383171621920015	0.0383171621920015
Blastomyces	59	0.000383171621920015	0.0383171621920015
Limnobacter	58	0.000376677187650184	0.0376677187650184
RB41	57	0.000370182753380353	0.0370182753380353
Leptothrix	56	0.000363688319110522	0.0363688319110522
RS62 marine group	55	0.000357193884840692	0.0357193884840692
Noviherbaspirillum	53	0.00034420501630103	0.034420501630103
Rhodoferax	53	0.00034420501630103	0.034420501630103
Aggregatibacter	51	0.000331216147761369	0.0331216147761368
Dechloromonas	51	0.000331216147761369	0.0331216147761368
Mycobacterium	51	0.000331216147761369	0.0331216147761368
Polaromonas	51	0.000331216147761369	0.0331216147761368
Polymorphobacter	51	0.000331216147761369	0.0331216147761368
Brevibacterium	50	0.000324721713491538	0.0324721713491538
Ellin6055	49	0.000318227279221707	0.0318227279221707
Hyphomicrobium	49	0.000318227279221707	0.0318227279221707
Lactobacillus	49	0.000318227279221707	0.0318227279221707
Moraxella	49	0.000318227279221707	0.0318227279221707
Ornithinibacillus	49	0.000318227279221707	0.0318227279221707
Deinococcus	46	0.000298743976412215	0.0298743976412215
Herbaspirillum	43	0.000279260673602722	0.0279260673602722
Pedomicrobium	43	0.000279260673602722	0.0279260673602722
Sphaerotilus	43	0.000279260673602722	0.0279260673602722
Cladophialophora	42	0.000272766239332892	0.0272766239332892
Cloacibacterium	41	0.000266271805063061	0.0266271805063061
Herminiimonas	41	0.000266271805063061	0.0266271805063061
Pseudarthrobacter	41	0.000266271805063061	0.0266271805063061
Enterobacter	40	0.00025977737079323	0.025977737079323
Paracoccus	39	0.000253282936523399	0.0253282936523399
Bosea	38	0.000246788502253569	0.0246788502253569
Lentibacillus	38	0.000246788502253569	0.0246788502253569
Rhizorhapis	38	0.000246788502253569	0.0246788502253569
Solibacillus	38	0.000246788502253569	0.0246788502253569
Afipia	37	0.000240294067983738	0.0240294067983738
Caulobacter	37	0.000240294067983738	0.0240294067983738
Lautropia	37	0.000240294067983738	0.0240294067983738
Chryseoglobus	35	0.000227305199444076	0.0227305199444076
Methylophilus	35	0.000227305199444076	0.0227305199444076
Sulfurimonas	34	0.000220810765174246	0.0220810765174246
Aspergillus	33	0.000214316330904415	0.0214316330904415
Candidatus Limnoluna	33	0.000214316330904415	0.0214316330904415
Phreatobacter	33	0.000214316330904415	0.0214316330904415
Robbsia	33	0.000214316330904415	0.0214316330904415
Undibacterium	32	0.000207821896634584	0.0207821896634584
Carboxydocella	30	0.000194833028094923	0.0194833028094923
Exiguobacterium	30	0.000194833028094923	0.0194833028094923
Mesorhizobium	30	0.000194833028094923	0.0194833028094923
Thiovirga	30	0.000194833028094923	0.0194833028094923
Variovorax	30	0.000194833028094923	0.0194833028094923
Anaerobacillus	29	0.000188338593825092	0.0188338593825092
Bauldia	29	0.000188338593825092	0.0188338593825092
Micromonospora	29	0.000188338593825092	0.0188338593825092
Rhodococcus	28	0.000181844159555261	0.0181844159555261
Ochrobactrum	27	0.00017534972528543	0.017534972528543
Caenimonas	26	0.0001688552910156	0.01688552910156
Methylotenera	26	0.0001688552910156	0.01688552910156
Ochrolechia	26	0.0001688552910156	0.01688552910156
Crossiella	25	0.000162360856745769	0.0162360856745769
Exophiala	25	0.000162360856745769	0.0162360856745769
Nitrosomonas	25	0.000162360856745769	0.0162360856745769
Nocardioides	25	0.000162360856745769	0.0162360856745769
Paenibacillus	25	0.000162360856745769	0.0162360856745769
Vibrio	25	0.000162360856745769	0.0162360856745769
Phenylobacterium	24	0.000155866422475938	0.0155866422475938
Curtobacterium	23	0.000149371988206107	0.0149371988206107
Lipingzhangella	23	0.000149371988206107	0.0149371988206107
Luteimonas	23	0.000149371988206107	0.0149371988206107
Rothia	23	0.000149371988206107	0.0149371988206107
Thiothrix	23	0.000149371988206107	0.0149371988206107
Halobacillus	22	0.000142877553936277	0.0142877553936277
SAR92 clade	22	0.000142877553936277	0.0142877553936277
Serratia	22	0.000142877553936277	0.0142877553936277
Thermicanus	22	0.000142877553936277	0.0142877553936277
Xylophilus	22	0.000142877553936277	0.0142877553936277
Duganella	21	0.000136383119666446	0.0136383119666446
Mitsuaria	21	0.000136383119666446	0.0136383119666446
Planococcus	21	0.000136383119666446	0.0136383119666446
Ramlibacter	21	0.000136383119666446	0.0136383119666446
Sulfuriferula	21	0.000136383119666446	0.0136383119666446
Alicycliphilus	20	0.000129888685396615	0.0129888685396615
Dietzia	20	0.000129888685396615	0.0129888685396615
Glutamicibacter	20	0.000129888685396615	0.0129888685396615
Alcaligenes	19	0.000123394251126784	0.0123394251126784
Psychrobacter	19	0.000123394251126784	0.0123394251126784
Psychroglaciecola	19	0.000123394251126784	0.0123394251126784
Candidimonas	18	0.000116899816856954	0.0116899816856954
Citricoccus	18	0.000116899816856954	0.0116899816856954
Citrobacter	18	0.000116899816856954	0.0116899816856954
FukuN57	18	0.000116899816856954	0.0116899816856954
GOUTA6	18	0.000116899816856954	0.0116899816856954
MM2	18	0.000116899816856954	0.0116899816856954
MND1	18	0.000116899816856954	0.0116899816856954
Niveispirillum	18	0.000116899816856954	0.0116899816856954
OM27 clade	18	0.000116899816856954	0.0116899816856954
Paraclostridium	18	0.000116899816856954	0.0116899816856954
Selenomonas	18	0.000116899816856954	0.0116899816856954
Timonella	18	0.000116899816856954	0.0116899816856954
Actinomyces	17	0.000110405382587123	0.0110405382587123
Devosia	17	0.000110405382587123	0.0110405382587123
Nitratifractor	17	0.000110405382587123	0.0110405382587123
Pseudofulvimonas	17	0.000110405382587123	0.0110405382587123
Terrisporobacter	17	0.000110405382587123	0.0110405382587123
Galbitalea	16	0.000103910948317292	0.0103910948317292
OM60(NOR5) clade	16	0.000103910948317292	0.0103910948317292
Paenalcaligenes	16	0.000103910948317292	0.0103910948317292
Pseudochelatococcus	16	0.000103910948317292	0.0103910948317292
Simplicispira	16	0.000103910948317292	0.0103910948317292
Arenimonas	15	9.74165140474613e-05	0.00974165140474613
Empedobacter	15	9.74165140474613e-05	0.00974165140474613
Ferruginibacter	15	9.74165140474613e-05	0.00974165140474613
Labrys	15	9.74165140474613e-05	0.00974165140474613
Parablastomonas	15	9.74165140474613e-05	0.00974165140474613
Parasutterella	15	9.74165140474613e-05	0.00974165140474613
Peziza	15	9.74165140474613e-05	0.00974165140474613
Phytohabitans	15	9.74165140474613e-05	0.00974165140474613
Rubrivivax	15	9.74165140474613e-05	0.00974165140474613
Thalassobacillus	15	9.74165140474613e-05	0.00974165140474613
Thermomonas	15	9.74165140474613e-05	0.00974165140474613
Advenella	14	9.09220797776306e-05	0.00909220797776306
Candidatus Aquiluna	14	9.09220797776306e-05	0.00909220797776306
Candidatus Vidania	14	9.09220797776306e-05	0.00909220797776306
Enhydrobacter	14	9.09220797776306e-05	0.00909220797776306
Ensifer	14	9.09220797776306e-05	0.00909220797776306
GKS98 freshwater group	14	9.09220797776306e-05	0.00909220797776306
Leucobacter	14	9.09220797776306e-05	0.00909220797776306
Myxococcus	14	9.09220797776306e-05	0.00909220797776306
Ramularia	14	9.09220797776306e-05	0.00909220797776306
Acidiphilium	13	8.44276455077998e-05	0.00844276455077998
Azonexus	13	8.44276455077998e-05	0.00844276455077998
Denitratisoma	13	8.44276455077998e-05	0.00844276455077998
Desulfofarcimen	13	8.44276455077998e-05	0.00844276455077998
Flavisolibacter	13	8.44276455077998e-05	0.00844276455077998
Helicobacter	13	8.44276455077998e-05	0.00844276455077998
Occallatibacter	13	8.44276455077998e-05	0.00844276455077998
Paeniglutamicibacter	13	8.44276455077998e-05	0.00844276455077998
Penicillium	13	8.44276455077998e-05	0.00844276455077998
Peptoclostridium	13	8.44276455077998e-05	0.00844276455077998
Roseateles	13	8.44276455077998e-05	0.00844276455077998
Salmonella	13	8.44276455077998e-05	0.00844276455077998
AqS1	12	7.79332112379691e-05	0.00779332112379691
Aureobasidium	12	7.79332112379691e-05	0.00779332112379691
Ellin6067	12	7.79332112379691e-05	0.00779332112379691
Ileibacterium	12	7.79332112379691e-05	0.00779332112379691
Lawsonella	12	7.79332112379691e-05	0.00779332112379691
Paraherbaspirillum	12	7.79332112379691e-05	0.00779332112379691
Verticillium	12	7.79332112379691e-05	0.00779332112379691
Aeromonas	11	7.14387769681383e-05	0.00714387769681383
Bhargavaea	11	7.14387769681383e-05	0.00714387769681383
Geomicrobium	11	7.14387769681383e-05	0.00714387769681383
Granulicatella	11	7.14387769681383e-05	0.00714387769681383
Klebsiella	11	7.14387769681383e-05	0.00714387769681383
Mogibacterium	11	7.14387769681383e-05	0.00714387769681383
Neocatenulostroma	11	7.14387769681383e-05	0.00714387769681383
Paeniclostridium	11	7.14387769681383e-05	0.00714387769681383
Polycauliona	11	7.14387769681383e-05	0.00714387769681383
Pseudoxanthomonas	11	7.14387769681383e-05	0.00714387769681383
Segetibacter	11	7.14387769681383e-05	0.00714387769681383
Umbilicaria	11	7.14387769681383e-05	0.00714387769681383
Yueomyces	11	7.14387769681383e-05	0.00714387769681383
1174-901-12	10	6.49443426983076e-05	0.00649443426983076
Actinoplanes	10	6.49443426983076e-05	0.00649443426983076
Blastomonas	10	6.49443426983076e-05	0.00649443426983076
Cardiobacterium	10	6.49443426983076e-05	0.00649443426983076
Fictibacillus	10	6.49443426983076e-05	0.00649443426983076
Ideonella	10	6.49443426983076e-05	0.00649443426983076
Nakamurella	10	6.49443426983076e-05	0.00649443426983076
P3OB-42	10	6.49443426983076e-05	0.00649443426983076
Pontibacillus	10	6.49443426983076e-05	0.00649443426983076
Rhodoplanes	10	6.49443426983076e-05	0.00649443426983076
Shinella	10	6.49443426983076e-05	0.00649443426983076
Sideroxydans	10	6.49443426983076e-05	0.00649443426983076
Sporosarcina	10	6.49443426983076e-05	0.00649443426983076
Thiomicrorhabdus	10	6.49443426983076e-05	0.00649443426983076
Bergeyella	9	5.84499084284768e-05	0.00584499084284768
Brachybacterium	9	5.84499084284768e-05	0.00584499084284768
Candidatus Cryptoprodotis	9	5.84499084284768e-05	0.00584499084284768
Candidatus Nitrotoga	9	5.84499084284768e-05	0.00584499084284768
Chaetomium	9	5.84499084284768e-05	0.00584499084284768
Clostridium sensu stricto 1	9	5.84499084284768e-05	0.00584499084284768
Conchiformibius	9	5.84499084284768e-05	0.00584499084284768
Diplomitoporus	9	5.84499084284768e-05	0.00584499084284768
Family XIII AD3011 group	9	5.84499084284768e-05	0.00584499084284768
Gymnoascus	9	5.84499084284768e-05	0.00584499084284768
Intestinibacter	9	5.84499084284768e-05	0.00584499084284768
Kocuria	9	5.84499084284768e-05	0.00584499084284768
Magnetospirillum	9	5.84499084284768e-05	0.00584499084284768
Neochlamydia	9	5.84499084284768e-05	0.00584499084284768
Peredibacter	9	5.84499084284768e-05	0.00584499084284768
Roseiarcus	9	5.84499084284768e-05	0.00584499084284768
Talaromyces	9	5.84499084284768e-05	0.00584499084284768
UTBCD1	9	5.84499084284768e-05	0.00584499084284768
Verminephrobacter	9	5.84499084284768e-05	0.00584499084284768
Zymoseptoria	9	5.84499084284768e-05	0.00584499084284768
alphaI cluster	9	5.84499084284768e-05	0.00584499084284768
Berlesiella	8	5.1955474158646e-05	0.0051955474158646
Blastococcus	8	5.1955474158646e-05	0.0051955474158646
Bryobacter	8	5.1955474158646e-05	0.0051955474158646
Candidatus Accumulibacter	8	5.1955474158646e-05	0.0051955474158646
Candidatus Tremblaya	8	5.1955474158646e-05	0.0051955474158646
Cellulomonas	8	5.1955474158646e-05	0.0051955474158646
Chelatococcus	8	5.1955474158646e-05	0.0051955474158646
Chitinophaga	8	5.1955474158646e-05	0.0051955474158646
Chryseomicrobium	8	5.1955474158646e-05	0.0051955474158646
Clavaria	8	5.1955474158646e-05	0.0051955474158646
Corallococcus	8	5.1955474158646e-05	0.0051955474158646
Desulfovibrio	8	5.1955474158646e-05	0.0051955474158646
Elusimicrobium	8	5.1955474158646e-05	0.0051955474158646
Endozoicomonas	8	5.1955474158646e-05	0.0051955474158646
Faecalibaculum	8	5.1955474158646e-05	0.0051955474158646
Fusarium	8	5.1955474158646e-05	0.0051955474158646
Gemella	8	5.1955474158646e-05	0.0051955474158646
Gracilibacillus	8	5.1955474158646e-05	0.0051955474158646
Microlunatus	8	5.1955474158646e-05	0.0051955474158646
Parasphingopyxis	8	5.1955474158646e-05	0.0051955474158646
Ptolemeba	8	5.1955474158646e-05	0.0051955474158646
Rhizobacter	8	5.1955474158646e-05	0.0051955474158646
Roseomonas	8	5.1955474158646e-05	0.0051955474158646
TM7a	8	5.1955474158646e-05	0.0051955474158646
Tilletiopsis	8	5.1955474158646e-05	0.0051955474158646
hgcI clade	8	5.1955474158646e-05	0.0051955474158646
Ancylobacter	7	4.54610398888153e-05	0.00454610398888153
Asticcacaulis	7	4.54610398888153e-05	0.00454610398888153
Candidatus Chlorothrix	7	4.54610398888153e-05	0.00454610398888153
Clade Ia	7	4.54610398888153e-05	0.00454610398888153
Conioscypha	7	4.54610398888153e-05	0.00454610398888153
Desulfuribacillus	7	4.54610398888153e-05	0.00454610398888153
Diatrypasimilis	7	4.54610398888153e-05	0.00454610398888153
Euzebya	7	4.54610398888153e-05	0.00454610398888153
Frankia	7	4.54610398888153e-05	0.00454610398888153
Kirschsteiniothelia	7	4.54610398888153e-05	0.00454610398888153
Lentisphaera	7	4.54610398888153e-05	0.00454610398888153
Limibaculum	7	4.54610398888153e-05	0.00454610398888153
OM43 clade	7	4.54610398888153e-05	0.00454610398888153
Paraliobacillus	7	4.54610398888153e-05	0.00454610398888153
Pseudoclavibacter	7	4.54610398888153e-05	0.00454610398888153
Pusillimonas	7	4.54610398888153e-05	0.00454610398888153
Rickettsia	7	4.54610398888153e-05	0.00454610398888153
Ruminococcus	7	4.54610398888153e-05	0.00454610398888153
Saitozyma	7	4.54610398888153e-05	0.00454610398888153
Sandaracinobacter	7	4.54610398888153e-05	0.00454610398888153
Teratosphaeria	7	4.54610398888153e-05	0.00454610398888153
Tetrasphaera	7	4.54610398888153e-05	0.00454610398888153
Thiohalocapsa	7	4.54610398888153e-05	0.00454610398888153
Trichosporon	7	4.54610398888153e-05	0.00454610398888153
Tumebacillus	7	4.54610398888153e-05	0.00454610398888153
Verticiella	7	4.54610398888153e-05	0.00454610398888153
W5053	7	4.54610398888153e-05	0.00454610398888153
Agrococcus	6	3.89666056189845e-05	0.00389666056189845
Alteribacillus	6	3.89666056189845e-05	0.00389666056189845
Anaerosinus	6	3.89666056189845e-05	0.00389666056189845
Apiotrichum	6	3.89666056189845e-05	0.00389666056189845
Calostoma	6	3.89666056189845e-05	0.00389666056189845
Calothrix PCC-6303	6	3.89666056189845e-05	0.00389666056189845
Candida	6	3.89666056189845e-05	0.00389666056189845
Candidatus Endoecteinascidia	6	3.89666056189845e-05	0.00389666056189845
Candidatus Methylopumilus	6	3.89666056189845e-05	0.00389666056189845
Cm1-21	6	3.89666056189845e-05	0.00389666056189845
Cordyceps	6	3.89666056189845e-05	0.00389666056189845
Dyella	6	3.89666056189845e-05	0.00389666056189845
Fusibacter	6	3.89666056189845e-05	0.00389666056189845
Janibacter	6	3.89666056189845e-05	0.00389666056189845
Kurthia	6	3.89666056189845e-05	0.00389666056189845
Leeia	6	3.89666056189845e-05	0.00389666056189845
Leifsonia	6	3.89666056189845e-05	0.00389666056189845
Leptosphaeria	6	3.89666056189845e-05	0.00389666056189845
Marinomonas	6	3.89666056189845e-05	0.00389666056189845
Methylorosula	6	3.89666056189845e-05	0.00389666056189845
Nitratireductor	6	3.89666056189845e-05	0.00389666056189845
Nitrosospira	6	3.89666056189845e-05	0.00389666056189845
Ottowia	6	3.89666056189845e-05	0.00389666056189845
Paenarthrobacter	6	3.89666056189845e-05	0.00389666056189845
Pseudaminobacter	6	3.89666056189845e-05	0.00389666056189845
Pseudorhodoferax	6	3.89666056189845e-05	0.00389666056189845
Pseudothermotoga	6	3.89666056189845e-05	0.00389666056189845
Puia	6	3.89666056189845e-05	0.00389666056189845
Rhodopseudomonas	6	3.89666056189845e-05	0.00389666056189845
Seleniivibrio	6	3.89666056189845e-05	0.00389666056189845
Streptosporangium	6	3.89666056189845e-05	0.00389666056189845
Subdoligranulum	6	3.89666056189845e-05	0.00389666056189845
Succinivibrio	6	3.89666056189845e-05	0.00389666056189845
Tessaracoccus	6	3.89666056189845e-05	0.00389666056189845
Williamsia	6	3.89666056189845e-05	0.00389666056189845
Actinosynnema	5	3.24721713491538e-05	0.00324721713491538
Aeromicrobium	5	3.24721713491538e-05	0.00324721713491538
Algimonas	5	3.24721713491538e-05	0.00324721713491538
Ambrosiozyma	5	3.24721713491538e-05	0.00324721713491538
Anaerosolibacter	5	3.24721713491538e-05	0.00324721713491538
Anzia	5	3.24721713491538e-05	0.00324721713491538
Aphanoascus	5	3.24721713491538e-05	0.00324721713491538
Asinibacterium	5	3.24721713491538e-05	0.00324721713491538
Auricularia	5	3.24721713491538e-05	0.00324721713491538
Azotobacter	5	3.24721713491538e-05	0.00324721713491538
Blastochloris	5	3.24721713491538e-05	0.00324721713491538
Blautia	5	3.24721713491538e-05	0.00324721713491538
Brachymonas	5	3.24721713491538e-05	0.00324721713491538
Candida-Lodderomyces clade	5	3.24721713491538e-05	0.00324721713491538
Candidatus Berkiella	5	3.24721713491538e-05	0.00324721713491538
Candidatus Hodgkinia	5	3.24721713491538e-05	0.00324721713491538
Capnocytophaga	5	3.24721713491538e-05	0.00324721713491538
Chrysosporium	5	3.24721713491538e-05	0.00324721713491538
Cryomyces	5	3.24721713491538e-05	0.00324721713491538
Cryptococcus	5	3.24721713491538e-05	0.00324721713491538
Demequina	5	3.24721713491538e-05	0.00324721713491538
Dethiobacter	5	3.24721713491538e-05	0.00324721713491538
Dongia	5	3.24721713491538e-05	0.00324721713491538
Erysipelothrix	5	3.24721713491538e-05	0.00324721713491538
F0332	5	3.24721713491538e-05	0.00324721713491538
Geodermatophilus	5	3.24721713491538e-05	0.00324721713491538
Gottschalkia	5	3.24721713491538e-05	0.00324721713491538
Hafnia-Obesumbacterium	5	3.24721713491538e-05	0.00324721713491538
Halochromatium	5	3.24721713491538e-05	0.00324721713491538
Hygrocybe	5	3.24721713491538e-05	0.00324721713491538
Kingella	5	3.24721713491538e-05	0.00324721713491538
Kitasatospora	5	3.24721713491538e-05	0.00324721713491538
Lachnospiraceae NK4A136 group	5	3.24721713491538e-05	0.00324721713491538
Lampropedia	5	3.24721713491538e-05	0.00324721713491538
Longivirga	5	3.24721713491538e-05	0.00324721713491538
Lysinimonas	5	3.24721713491538e-05	0.00324721713491538
ML602J-51	5	3.24721713491538e-05	0.00324721713491538
Marinobacter	5	3.24721713491538e-05	0.00324721713491538
Marmoricola	5	3.24721713491538e-05	0.00324721713491538
Methylobacillus	5	3.24721713491538e-05	0.00324721713491538
Neohygrocybe	5	3.24721713491538e-05	0.00324721713491538
Nocardiopsis	5	3.24721713491538e-05	0.00324721713491538
Olsenella	5	3.24721713491538e-05	0.00324721713491538
Oxalicibacterium	5	3.24721713491538e-05	0.00324721713491538
Oxalobacter	5	3.24721713491538e-05	0.00324721713491538
Pectobacterium	5	3.24721713491538e-05	0.00324721713491538
Phlebia	5	3.24721713491538e-05	0.00324721713491538
Phyllobacterium	5	3.24721713491538e-05	0.00324721713491538
Pleurotheciella	5	3.24721713491538e-05	0.00324721713491538
Pseudahrensia	5	3.24721713491538e-05	0.00324721713491538
Pseudoalteromonas	5	3.24721713491538e-05	0.00324721713491538
Rhodanobacter	5	3.24721713491538e-05	0.00324721713491538
Rhodobacter	5	3.24721713491538e-05	0.00324721713491538
Rhytisma	5	3.24721713491538e-05	0.00324721713491538
Rikenellaceae RC9 gut group	5	3.24721713491538e-05	0.00324721713491538
Roseivivax	5	3.24721713491538e-05	0.00324721713491538
Stachybotrys	5	3.24721713491538e-05	0.00324721713491538
Sulfitobacter	5	3.24721713491538e-05	0.00324721713491538
Temperatibacter	5	3.24721713491538e-05	0.00324721713491538
Thalassotalea	5	3.24721713491538e-05	0.00324721713491538
Tremella	5	3.24721713491538e-05	0.00324721713491538
Tyzzerella	5	3.24721713491538e-05	0.00324721713491538
Valsaria	5	3.24721713491538e-05	0.00324721713491538
Wolbachia	5	3.24721713491538e-05	0.00324721713491538
Yuhushiella	5	3.24721713491538e-05	0.00324721713491538
Zygosaccharomyces	5	3.24721713491538e-05	0.00324721713491538
Actinopolyspora	4	2.5977737079323e-05	0.0025977737079323
Agromyces	4	2.5977737079323e-05	0.0025977737079323
Aneurinibacillus	4	2.5977737079323e-05	0.0025977737079323
Aquicella	4	2.5977737079323e-05	0.0025977737079323
Bdellovibrio	4	2.5977737079323e-05	0.0025977737079323
Boletus	4	2.5977737079323e-05	0.0025977737079323
Buckleyzyma	4	2.5977737079323e-05	0.0025977737079323
Butyricicoccus	4	2.5977737079323e-05	0.0025977737079323
Candidatus Desulforudis	4	2.5977737079323e-05	0.0025977737079323
Candidatus Flaviluna	4	2.5977737079323e-05	0.0025977737079323
Candidatus Piscichlamydia	4	2.5977737079323e-05	0.0025977737079323
Candidatus Riegeria	4	2.5977737079323e-05	0.0025977737079323
Capnobotryella	4	2.5977737079323e-05	0.0025977737079323
Cutaneotrichosporon	4	2.5977737079323e-05	0.0025977737079323
Desulfohalotomaculum	4	2.5977737079323e-05	0.0025977737079323
Dictyocatenulata	4	2.5977737079323e-05	0.0025977737079323
Elizabethkingia	4	2.5977737079323e-05	0.0025977737079323
Falsochrobactrum	4	2.5977737079323e-05	0.0025977737079323
Filimonas	4	2.5977737079323e-05	0.0025977737079323
Filomicrobium	4	2.5977737079323e-05	0.0025977737079323
Helicomyces	4	2.5977737079323e-05	0.0025977737079323
Helvella	4	2.5977737079323e-05	0.0025977737079323
Herbihabitans	4	2.5977737079323e-05	0.0025977737079323
Hirschia	4	2.5977737079323e-05	0.0025977737079323
Hyphomonas	4	2.5977737079323e-05	0.0025977737079323
Hypoxylon	4	2.5977737079323e-05	0.0025977737079323
Isoptericola	4	2.5977737079323e-05	0.0025977737079323
Kribbella	4	2.5977737079323e-05	0.0025977737079323
Melanopsichium	4	2.5977737079323e-05	0.0025977737079323
Microglossum	4	2.5977737079323e-05	0.0025977737079323
Nonomuraea	4	2.5977737079323e-05	0.0025977737079323
Oxobacter	4	2.5977737079323e-05	0.0025977737079323
Phialocephala	4	2.5977737079323e-05	0.0025977737079323
Pigmentiphaga	4	2.5977737079323e-05	0.0025977737079323
Placidiopsis	4	2.5977737079323e-05	0.0025977737079323
Placidium	4	2.5977737079323e-05	0.0025977737079323
Pleochaeta	4	2.5977737079323e-05	0.0025977737079323
Pleurotus	4	2.5977737079323e-05	0.0025977737079323
Prevotella	4	2.5977737079323e-05	0.0025977737079323
Providencia	4	2.5977737079323e-05	0.0025977737079323
Pseudofulvibacter	4	2.5977737079323e-05	0.0025977737079323
Raoultella	4	2.5977737079323e-05	0.0025977737079323
Rhizophagus	4	2.5977737079323e-05	0.0025977737079323
Sclerotinia	4	2.5977737079323e-05	0.0025977737079323
Serpula	4	2.5977737079323e-05	0.0025977737079323
Snodgrassella	4	2.5977737079323e-05	0.0025977737079323
Sphaerisporangium	4	2.5977737079323e-05	0.0025977737079323
Syntrophomonas	4	2.5977737079323e-05	0.0025977737079323
Teloschistes	4	2.5977737079323e-05	0.0025977737079323
Thauera	4	2.5977737079323e-05	0.0025977737079323
UCG-005	4	2.5977737079323e-05	0.0025977737079323
Vermiconia	4	2.5977737079323e-05	0.0025977737079323
Verrucula	4	2.5977737079323e-05	0.0025977737079323
Xenophilus	4	2.5977737079323e-05	0.0025977737079323
Xylella	4	2.5977737079323e-05	0.0025977737079323
Zoogloea	4	2.5977737079323e-05	0.0025977737079323
[Eubacterium] oxidoreducens group	4	2.5977737079323e-05	0.0025977737079323
Actinomycetospora	3	1.94833028094923e-05	0.00194833028094923
Aestuariicella	3	1.94833028094923e-05	0.00194833028094923
Alkalibacillus	3	1.94833028094923e-05	0.00194833028094923
Amphibacillus	3	1.94833028094923e-05	0.00194833028094923
Amphiplicatus	3	1.94833028094923e-05	0.00194833028094923
Anaerovibrio	3	1.94833028094923e-05	0.00194833028094923
Anguillospora	3	1.94833028094923e-05	0.00194833028094923
Anthracoidea	3	1.94833028094923e-05	0.00194833028094923
Aquamicrobium	3	1.94833028094923e-05	0.00194833028094923
Ascosphaera	3	1.94833028094923e-05	0.00194833028094923
Aurantimicrobium	3	1.94833028094923e-05	0.00194833028094923
Aureibacillus	3	1.94833028094923e-05	0.00194833028094923
Bacidina	3	1.94833028094923e-05	0.00194833028094923
Bacteriovorax	3	1.94833028094923e-05	0.00194833028094923
Bacteroides	3	1.94833028094923e-05	0.00194833028094923
Baeomyces	3	1.94833028094923e-05	0.00194833028094923
Bifidobacterium	3	1.94833028094923e-05	0.00194833028094923
Blastopirellula	3	1.94833028094923e-05	0.00194833028094923
Bordetella	3	1.94833028094923e-05	0.00194833028094923
Buchnera	3	1.94833028094923e-05	0.00194833028094923
Buellia	3	1.94833028094923e-05	0.00194833028094923
Candidatus Marispirochaeta	3	1.94833028094923e-05	0.00194833028094923
Carnobacterium	3	1.94833028094923e-05	0.00194833028094923
Ceriporia	3	1.94833028094923e-05	0.00194833028094923
Chelativorans	3	1.94833028094923e-05	0.00194833028094923
Chishuiella	3	1.94833028094923e-05	0.00194833028094923
Chitinimonas	3	1.94833028094923e-05	0.00194833028094923
Chlorovibrissea	3	1.94833028094923e-05	0.00194833028094923
Clostridium sensu stricto 8	3	1.94833028094923e-05	0.00194833028094923
Coccotrema	3	1.94833028094923e-05	0.00194833028094923
Cohnella	3	1.94833028094923e-05	0.00194833028094923
Coleosporium	3	1.94833028094923e-05	0.00194833028094923
Collinsella	3	1.94833028094923e-05	0.00194833028094923
Corollospora	3	1.94833028094923e-05	0.00194833028094923
Corynespora	3	1.94833028094923e-05	0.00194833028094923
Coxiella	3	1.94833028094923e-05	0.00194833028094923
Cyttaria	3	1.94833028094923e-05	0.00194833028094923
Desemzia	3	1.94833028094923e-05	0.00194833028094923
Desulfitobacterium	3	1.94833028094923e-05	0.00194833028094923
Dialister	3	1.94833028094923e-05	0.00194833028094923
Extensimonas	3	1.94833028094923e-05	0.00194833028094923
Faecalibacterium	3	1.94833028094923e-05	0.00194833028094923
Fomitopsis	3	1.94833028094923e-05	0.00194833028094923
Friedmanniella	3	1.94833028094923e-05	0.00194833028094923
Gaiella	3	1.94833028094923e-05	0.00194833028094923
Gordonia	3	1.94833028094923e-05	0.00194833028094923
Halioglobus	3	1.94833028094923e-05	0.00194833028094923
Haloplasma	3	1.94833028094923e-05	0.00194833028094923
Kordiimonas	3	1.94833028094923e-05	0.00194833028094923
Leciophysma	3	1.94833028094923e-05	0.00194833028094923
Legionella	3	1.94833028094923e-05	0.00194833028094923
Lentimicrobium	3	1.94833028094923e-05	0.00194833028094923
Longispora	3	1.94833028094923e-05	0.00194833028094923
Luteococcus	3	1.94833028094923e-05	0.00194833028094923
Microbispora	3	1.94833028094923e-05	0.00194833028094923
Modestobacter	3	1.94833028094923e-05	0.00194833028094923
Monascus	3	1.94833028094923e-05	0.00194833028094923
Morganella	3	1.94833028094923e-05	0.00194833028094923
Mortierella	3	1.94833028094923e-05	0.00194833028094923
Mycetocola	3	1.94833028094923e-05	0.00194833028094923
Naganishia	3	1.94833028094923e-05	0.00194833028094923
Neorhizobium	3	1.94833028094923e-05	0.00194833028094923
Niabella	3	1.94833028094923e-05	0.00194833028094923
Ochroconis	3	1.94833028094923e-05	0.00194833028094923
Otariodibacter	3	1.94833028094923e-05	0.00194833028094923
Parapusillimonas	3	1.94833028094923e-05	0.00194833028094923
Peniophorella	3	1.94833028094923e-05	0.00194833028094923
Perenniporia	3	1.94833028094923e-05	0.00194833028094923
Phaseolibacter	3	1.94833028094923e-05	0.00194833028094923
Plasmodium	3	1.94833028094923e-05	0.00194833028094923
Plesiomonas	3	1.94833028094923e-05	0.00194833028094923
Podoscypha	3	1.94833028094923e-05	0.00194833028094923
Porphyromonas	3	1.94833028094923e-05	0.00194833028094923
Pseudogracilibacillus	3	1.94833028094923e-05	0.00194833028094923
Quadrisphaera	3	1.94833028094923e-05	0.00194833028094923
RBG-16-49-21	3	1.94833028094923e-05	0.00194833028094923
Rahnella1	3	1.94833028094923e-05	0.00194833028094923
Roccellographa	3	1.94833028094923e-05	0.00194833028094923
Roseburia	3	1.94833028094923e-05	0.00194833028094923
Roseovarius	3	1.94833028094923e-05	0.00194833028094923
Saccharomonospora	3	1.94833028094923e-05	0.00194833028094923
Salinicola	3	1.94833028094923e-05	0.00194833028094923
Schizothyrium	3	1.94833028094923e-05	0.00194833028094923
Sistotrema	3	1.94833028094923e-05	0.00194833028094923
Sodalis	3	1.94833028094923e-05	0.00194833028094923
Stella	3	1.94833028094923e-05	0.00194833028094923
Sutterella	3	1.94833028094923e-05	0.00194833028094923
Tabrizicola	3	1.94833028094923e-05	0.00194833028094923
Taphrina	3	1.94833028094923e-05	0.00194833028094923
Trametes	3	1.94833028094923e-05	0.00194833028094923
Treponema	3	1.94833028094923e-05	0.00194833028094923
Tritirachium	3	1.94833028094923e-05	0.00194833028094923
UCG-002	3	1.94833028094923e-05	0.00194833028094923
Venturia	3	1.94833028094923e-05	0.00194833028094923
Verruculopsis	3	1.94833028094923e-05	0.00194833028094923
Woeseia	3	1.94833028094923e-05	0.00194833028094923
endosymbionts	3	1.94833028094923e-05	0.00194833028094923
Acanthamoeba	2	1.29888685396615e-05	0.00129888685396615
Acetobacter	2	1.29888685396615e-05	0.00129888685396615
Acidea	2	1.29888685396615e-05	0.00129888685396615
Acidithiobacillus	2	1.29888685396615e-05	0.00129888685396615
Actinobacillus	2	1.29888685396615e-05	0.00129888685396615
Actinophytocola	2	1.29888685396615e-05	0.00129888685396615
Agathobacter	2	1.29888685396615e-05	0.00129888685396615
Alatospora	2	1.29888685396615e-05	0.00129888685396615
Alcanivorax	2	1.29888685396615e-05	0.00129888685396615
Algoriphagus	2	1.29888685396615e-05	0.00129888685396615
Alistipes	2	1.29888685396615e-05	0.00129888685396615
Alkanindiges	2	1.29888685396615e-05	0.00129888685396615
Allomyces	2	1.29888685396615e-05	0.00129888685396615
Alteromonas	2	1.29888685396615e-05	0.00129888685396615
Aminobacter	2	1.29888685396615e-05	0.00129888685396615
Amycolatopsis	2	1.29888685396615e-05	0.00129888685396615
Anaerofustis	2	1.29888685396615e-05	0.00129888685396615
Anaeroplasma	2	1.29888685396615e-05	0.00129888685396615
Anderseniella	2	1.29888685396615e-05	0.00129888685396615
Annamia HOs24	2	1.29888685396615e-05	0.00129888685396615
Aquimonas	2	1.29888685396615e-05	0.00129888685396615
Auxarthronopsis	2	1.29888685396615e-05	0.00129888685396615
Azospira	2	1.29888685396615e-05	0.00129888685396615
BD1-7 clade	2	1.29888685396615e-05	0.00129888685396615
Bartonella	2	1.29888685396615e-05	0.00129888685396615
Bensingtonia	2	1.29888685396615e-05	0.00129888685396615
Blastocatella	2	1.29888685396615e-05	0.00129888685396615
Brenneria	2	1.29888685396615e-05	0.00129888685396615
Butyrivibrio	2	1.29888685396615e-05	0.00129888685396615
Caldicellulosiruptor	2	1.29888685396615e-05	0.00129888685396615
Candidatus Ancillula	2	1.29888685396615e-05	0.00129888685396615
Candidatus Captivus	2	1.29888685396615e-05	0.00129888685396615
Candidatus Competibacter	2	1.29888685396615e-05	0.00129888685396615
Candidatus Paraholospora	2	1.29888685396615e-05	0.00129888685396615
Candidatus Planktophila	2	1.29888685396615e-05	0.00129888685396615
Candidatus Portiera	2	1.29888685396615e-05	0.00129888685396615
Candidatus Solibacter	2	1.29888685396615e-05	0.00129888685396615
Candidatus Xenolissoclinum	2	1.29888685396615e-05	0.00129888685396615
Cellulosimicrobium	2	1.29888685396615e-05	0.00129888685396615
Clostridioides	2	1.29888685396615e-05	0.00129888685396615
Colidextribacter	2	1.29888685396615e-05	0.00129888685396615
Colpodella	2	1.29888685396615e-05	0.00129888685396615
Congregibacter	2	1.29888685396615e-05	0.00129888685396615
Conocybe	2	1.29888685396615e-05	0.00129888685396615
Corneriella	2	1.29888685396615e-05	0.00129888685396615
Cronobacter	2	1.29888685396615e-05	0.00129888685396615
Dacrymyces	2	1.29888685396615e-05	0.00129888685396615
Dactylosporangium	2	1.29888685396615e-05	0.00129888685396615
Dasyspora	2	1.29888685396615e-05	0.00129888685396615
Desulfobulbus	2	1.29888685396615e-05	0.00129888685396615
Desulfomicrobium	2	1.29888685396615e-05	0.00129888685396615
Desulfotomaculum	2	1.29888685396615e-05	0.00129888685396615
Dielma	2	1.29888685396615e-05	0.00129888685396615
Dokdonella	2	1.29888685396615e-05	0.00129888685396615
Edaphobaculum	2	1.29888685396615e-05	0.00129888685396615
Ekhidna	2	1.29888685396615e-05	0.00129888685396615
Enterorhabdus	2	1.29888685396615e-05	0.00129888685396615
Epulopiscium	2	1.29888685396615e-05	0.00129888685396615
Ferrovum	2	1.29888685396615e-05	0.00129888685396615
Francisella	2	1.29888685396615e-05	0.00129888685396615
Freshwater Ichthyosporeans 1	2	1.29888685396615e-05	0.00129888685396615
Gardnerella	2	1.29888685396615e-05	0.00129888685396615
Gigaspora	2	1.29888685396615e-05	0.00129888685396615
HTCC5015	2	1.29888685396615e-05	0.00129888685396615
Haliangium	2	1.29888685396615e-05	0.00129888685396615
Halophytophthora	2	1.29888685396615e-05	0.00129888685396615
Hannaella	2	1.29888685396615e-05	0.00129888685396615
Hericium	2	1.29888685396615e-05	0.00129888685396615
Hoeflea	2	1.29888685396615e-05	0.00129888685396615
Holtermanniella	2	1.29888685396615e-05	0.00129888685396615
Hypopichia-Candida clade	2	1.29888685396615e-05	0.00129888685396615
Izimaplasma	2	1.29888685396615e-05	0.00129888685396615
JGI 0001001-H03	2	1.29888685396615e-05	0.00129888685396615
Jatrophihabitans	2	1.29888685396615e-05	0.00129888685396615
Jeotgalibaca	2	1.29888685396615e-05	0.00129888685396615
Kineococcus	2	1.29888685396615e-05	0.00129888685396615
Kluyvera	2	1.29888685396615e-05	0.00129888685396615
Knoellia	2	1.29888685396615e-05	0.00129888685396615
Kondoa	2	1.29888685396615e-05	0.00129888685396615
Lachnospiraceae NK3A20 group	2	1.29888685396615e-05	0.00129888685396615
Lactarius	2	1.29888685396615e-05	0.00129888685396615
Leptospirillum	2	1.29888685396615e-05	0.00129888685396615
Listeria	2	1.29888685396615e-05	0.00129888685396615
Macruropyxis	2	1.29888685396615e-05	0.00129888685396615
Malikia	2	1.29888685396615e-05	0.00129888685396615
Margolisiella	2	1.29888685396615e-05	0.00129888685396615
Marinobacterium	2	1.29888685396615e-05	0.00129888685396615
Marvinbryantia	2	1.29888685396615e-05	0.00129888685396615
Melanotaenium	2	1.29888685396615e-05	0.00129888685396615
Microbotryum	2	1.29888685396615e-05	0.00129888685396615
Moheibacter	2	1.29888685396615e-05	0.00129888685396615
Multiclavula	2	1.29888685396615e-05	0.00129888685396615
Natribacillus	2	1.29888685396615e-05	0.00129888685396615
Nocardia	2	1.29888685396615e-05	0.00129888685396615
Nuclearia	2	1.29888685396615e-05	0.00129888685396615
Oceanicaulis	2	1.29888685396615e-05	0.00129888685396615
Oceanobacter	2	1.29888685396615e-05	0.00129888685396615
Oleiphilus	2	1.29888685396615e-05	0.00129888685396615
Orenia	2	1.29888685396615e-05	0.00129888685396615
Ornithinicoccus	2	1.29888685396615e-05	0.00129888685396615
Ornithobacterium	2	1.29888685396615e-05	0.00129888685396615
Oryzihumus	2	1.29888685396615e-05	0.00129888685396615
PMMR1	2	1.29888685396615e-05	0.00129888685396615
Paenisporosarcina	2	1.29888685396615e-05	0.00129888685396615
Pediococcus	2	1.29888685396615e-05	0.00129888685396615
Phloeopeccania	2	1.29888685396615e-05	0.00129888685396615
Planomicrobium	2	1.29888685396615e-05	0.00129888685396615
Pleurotopsis	2	1.29888685396615e-05	0.00129888685396615
Pogonoloma	2	1.29888685396615e-05	0.00129888685396615
Polycyclovorans	2	1.29888685396615e-05	0.00129888685396615
Protomyces	2	1.29888685396615e-05	0.00129888685396615
Pseudogymnoascus	2	1.29888685396615e-05	0.00129888685396615
Pseudohaliea	2	1.29888685396615e-05	0.00129888685396615
Pseudohongiella	2	1.29888685396615e-05	0.00129888685396615
Pseudolabrys	2	1.29888685396615e-05	0.00129888685396615
Pseudorhodobacter	2	1.29888685396615e-05	0.00129888685396615
Pseudotulostoma	2	1.29888685396615e-05	0.00129888685396615
Psychrobacillus	2	1.29888685396615e-05	0.00129888685396615
Reinekea	2	1.29888685396615e-05	0.00129888685396615
Reyranella	2	1.29888685396615e-05	0.00129888685396615
Rhizopogon	2	1.29888685396615e-05	0.00129888685396615
Rhodomicrobium	2	1.29888685396615e-05	0.00129888685396615
Rivularia PCC-7116	2	1.29888685396615e-05	0.00129888685396615
Roseitalea	2	1.29888685396615e-05	0.00129888685396615
SWB02	2	1.29888685396615e-05	0.00129888685396615
Salinivibrio	2	1.29888685396615e-05	0.00129888685396615
Salpingoeca	2	1.29888685396615e-05	0.00129888685396615
Schizosaccharomyces	2	1.29888685396615e-05	0.00129888685396615
Shimazuella	2	1.29888685396615e-05	0.00129888685396615
Skermanella	2	1.29888685396615e-05	0.00129888685396615
Sowerbyella	2	1.29888685396615e-05	0.00129888685396615
Sparassis	2	1.29888685396615e-05	0.00129888685396615
Spirosoma	2	1.29888685396615e-05	0.00129888685396615
Starmera-Candida clade	2	1.29888685396615e-05	0.00129888685396615
Sterigmatosporidium	2	1.29888685396615e-05	0.00129888685396615
Sulfuritalea	2	1.29888685396615e-05	0.00129888685396615
Sva0996 marine group	2	1.29888685396615e-05	0.00129888685396615
Swaminathania	2	1.29888685396615e-05	0.00129888685396615
Tahibacter	2	1.29888685396615e-05	0.00129888685396615
Tepidanaerobacter	2	1.29888685396615e-05	0.00129888685396615
Tepidicaulis	2	1.29888685396615e-05	0.00129888685396615
Terribacillus	2	1.29888685396615e-05	0.00129888685396615
Tetracladium	2	1.29888685396615e-05	0.00129888685396615
Thanatephorus	2	1.29888685396615e-05	0.00129888685396615
Thelebolus	2	1.29888685396615e-05	0.00129888685396615
Thraustochytrium	2	1.29888685396615e-05	0.00129888685396615
Tistlia	2	1.29888685396615e-05	0.00129888685396615
Turneriella	2	1.29888685396615e-05	0.00129888685396615
Tylopilus	2	1.29888685396615e-05	0.00129888685396615
UBA6140	2	1.29888685396615e-05	0.00129888685396615
UCG-004	2	1.29888685396615e-05	0.00129888685396615
Vaucheria	2	1.29888685396615e-05	0.00129888685396615
Veillonella	2	1.29888685396615e-05	0.00129888685396615
Vishniacozyma	2	1.29888685396615e-05	0.00129888685396615
Vulcanibacillus	2	1.29888685396615e-05	0.00129888685396615
Wickerhamomyces-Candida clade	2	1.29888685396615e-05	0.00129888685396615
Winogradskyella	2	1.29888685396615e-05	0.00129888685396615
Wolfiporia	2	1.29888685396615e-05	0.00129888685396615
Xanthobacter	2	1.29888685396615e-05	0.00129888685396615
Xanthoparmelia	2	1.29888685396615e-05	0.00129888685396615
Xenorhabdus	2	1.29888685396615e-05	0.00129888685396615
Xiangella	2	1.29888685396615e-05	0.00129888685396615
Z20	2	1.29888685396615e-05	0.00129888685396615
[Aquaspirillum] arcticum group	2	1.29888685396615e-05	0.00129888685396615
[Eubacterium] nodatum group	2	1.29888685396615e-05	0.00129888685396615
2013Ark19i	1	6.49443426983076e-06	0.000649443426983076
AT4-11	1	6.49443426983076e-06	0.000649443426983076
Abditibacterium	1	6.49443426983076e-06	0.000649443426983076
Acarospora	1	6.49443426983076e-06	0.000649443426983076
Acaulospora	1	6.49443426983076e-06	0.000649443426983076
Acidibacillus	1	6.49443426983076e-06	0.000649443426983076
Acidisphaera	1	6.49443426983076e-06	0.000649443426983076
Acidomyces	1	6.49443426983076e-06	0.000649443426983076
Acidothermus	1	6.49443426983076e-06	0.000649443426983076
Acremonium	1	6.49443426983076e-06	0.000649443426983076
Actinopolymorpha	1	6.49443426983076e-06	0.000649443426983076
Aerococcus	1	6.49443426983076e-06	0.000649443426983076
Aestuariimicrobium	1	6.49443426983076e-06	0.000649443426983076
Agaribacter	1	6.49443426983076e-06	0.000649443426983076
Albidovulum	1	6.49443426983076e-06	0.000649443426983076
Aliikangiella	1	6.49443426983076e-06	0.000649443426983076
Alishewanella	1	6.49443426983076e-06	0.000649443426983076
Alkalimarinus	1	6.49443426983076e-06	0.000649443426983076
Allobaculum	1	6.49443426983076e-06	0.000649443426983076
Allocetraria	1	6.49443426983076e-06	0.000649443426983076
Allostreptomyces	1	6.49443426983076e-06	0.000649443426983076
Aminobacterium	1	6.49443426983076e-06	0.000649443426983076
Amnipila	1	6.49443426983076e-06	0.000649443426983076
Anaerococcus	1	6.49443426983076e-06	0.000649443426983076
Anaerostipes	1	6.49443426983076e-06	0.000649443426983076
Anoxynatronum	1	6.49443426983076e-06	0.000649443426983076
Apibacter	1	6.49443426983076e-06	0.000649443426983076
Aquibacillus	1	6.49443426983076e-06	0.000649443426983076
Aquiflexum	1	6.49443426983076e-06	0.000649443426983076
Aristerostoma	1	6.49443426983076e-06	0.000649443426983076
Arsenicitalea	1	6.49443426983076e-06	0.000649443426983076
Asteroleplasma	1	6.49443426983076e-06	0.000649443426983076
Atopobium	1	6.49443426983076e-06	0.000649443426983076
Aurantimonas	1	6.49443426983076e-06	0.000649443426983076
Aureimonas	1	6.49443426983076e-06	0.000649443426983076
Aureispira	1	6.49443426983076e-06	0.000649443426983076
Azoarcus	1	6.49443426983076e-06	0.000649443426983076
Azorhizobium	1	6.49443426983076e-06	0.000649443426983076
Azovibrio	1	6.49443426983076e-06	0.000649443426983076
Balneola	1	6.49443426983076e-06	0.000649443426983076
Bambusicola	1	6.49443426983076e-06	0.000649443426983076
Basidiobolus	1	6.49443426983076e-06	0.000649443426983076
Biddulphiopsis	1	6.49443426983076e-06	0.000649443426983076
Bipolaris	1	6.49443426983076e-06	0.000649443426983076
Bisporella	1	6.49443426983076e-06	0.000649443426983076
Boeremia	1	6.49443426983076e-06	0.000649443426983076
Buttiauxella	1	6.49443426983076e-06	0.000649443426983076
Caldicoprobacter	1	6.49443426983076e-06	0.000649443426983076
Caldisericum	1	6.49443426983076e-06	0.000649443426983076
Calocera	1	6.49443426983076e-06	0.000649443426983076
Camarophyllus	1	6.49443426983076e-06	0.000649443426983076
Candida tanzawaensis clade	1	6.49443426983076e-06	0.000649443426983076
Candidatus Amoebophilus	1	6.49443426983076e-06	0.000649443426983076
Candidatus Cardinium	1	6.49443426983076e-06	0.000649443426983076
Candidatus Carsonella	1	6.49443426983076e-06	0.000649443426983076
Candidatus Cloacimonas	1	6.49443426983076e-06	0.000649443426983076
Candidatus Contendobacter	1	6.49443426983076e-06	0.000649443426983076
Candidatus Defluviella	1	6.49443426983076e-06	0.000649443426983076
Candidatus Evansia	1	6.49443426983076e-06	0.000649443426983076
Candidatus Glomeribacter	1	6.49443426983076e-06	0.000649443426983076
Candidatus Jidaibacter	1	6.49443426983076e-06	0.000649443426983076
Candidatus Nitrosoglobus	1	6.49443426983076e-06	0.000649443426983076
Candidatus Omnitrophus	1	6.49443426983076e-06	0.000649443426983076
Candidatus Ovatusbacter	1	6.49443426983076e-06	0.000649443426983076
Candidatus Parabeggiatoa	1	6.49443426983076e-06	0.000649443426983076
Candidatus Phytoplasma	1	6.49443426983076e-06	0.000649443426983076
Candidatus Planktoluna	1	6.49443426983076e-06	0.000649443426983076
Candidatus Regiella	1	6.49443426983076e-06	0.000649443426983076
Candidatus Renichlamydia	1	6.49443426983076e-06	0.000649443426983076
Candidatus Ruthia	1	6.49443426983076e-06	0.000649443426983076
Candidatus Xiphinematobacter	1	6.49443426983076e-06	0.000649443426983076
Carboxylicivirga	1	6.49443426983076e-06	0.000649443426983076
Cazia	1	6.49443426983076e-06	0.000649443426983076
Cercomonas	1	6.49443426983076e-06	0.000649443426983076
Cetobacterium	1	6.49443426983076e-06	0.000649443426983076
Cetradonia	1	6.49443426983076e-06	0.000649443426983076
Chlorociboria	1	6.49443426983076e-06	0.000649443426983076
Chlorophyllum	1	6.49443426983076e-06	0.000649443426983076
Chthoniobacter	1	6.49443426983076e-06	0.000649443426983076
Cirrosporium	1	6.49443426983076e-06	0.000649443426983076
Claroideoglomus	1	6.49443426983076e-06	0.000649443426983076
Cnuella	1	6.49443426983076e-06	0.000649443426983076
Coemansia	1	6.49443426983076e-06	0.000649443426983076
Cognatishimia	1	6.49443426983076e-06	0.000649443426983076
Colletotrichum	1	6.49443426983076e-06	0.000649443426983076
Colwellia	1	6.49443426983076e-06	0.000649443426983076
Conidiobolus	1	6.49443426983076e-06	0.000649443426983076
Constrictibacter	1	6.49443426983076e-06	0.000649443426983076
Coprococcus	1	6.49443426983076e-06	0.000649443426983076
Coriobacteriaceae UCG-002	1	6.49443426983076e-06	0.000649443426983076
Crenobacter	1	6.49443426983076e-06	0.000649443426983076
Curvularia	1	6.49443426983076e-06	0.000649443426983076
Cyanobium PCC-6307	1	6.49443426983076e-06	0.000649443426983076
Cyclidium	1	6.49443426983076e-06	0.000649443426983076
Defluviicoccus	1	6.49443426983076e-06	0.000649443426983076
Dendrochytridium	1	6.49443426983076e-06	0.000649443426983076
Dermocystidium	1	6.49443426983076e-06	0.000649443426983076
Desertifilum KR2012-2	1	6.49443426983076e-06	0.000649443426983076
Desulfatiglans	1	6.49443426983076e-06	0.000649443426983076
Desulfatirhabdium	1	6.49443426983076e-06	0.000649443426983076
Desulfosporosinus	1	6.49443426983076e-06	0.000649443426983076
Desulfotignum	1	6.49443426983076e-06	0.000649443426983076
Desulfovermiculus	1	6.49443426983076e-06	0.000649443426983076
Dethiosulfatibacter	1	6.49443426983076e-06	0.000649443426983076
Dictyonema	1	6.49443426983076e-06	0.000649443426983076
Dinghuibacter	1	6.49443426983076e-06	0.000649443426983076
Dorea	1	6.49443426983076e-06	0.000649443426983076
Dubosiella	1	6.49443426983076e-06	0.000649443426983076
Egicoccus	1	6.49443426983076e-06	0.000649443426983076
Eikenella	1	6.49443426983076e-06	0.000649443426983076
Elioraea	1	6.49443426983076e-06	0.000649443426983076
Ellin516	1	6.49443426983076e-06	0.000649443426983076
Encoelia	1	6.49443426983076e-06	0.000649443426983076
Endobacter	1	6.49443426983076e-06	0.000649443426983076
Endomicrobium	1	6.49443426983076e-06	0.000649443426983076
Enteractinococcus	1	6.49443426983076e-06	0.000649443426983076
Erwinia	1	6.49443426983076e-06	0.000649443426983076
Euplotes	1	6.49443426983076e-06	0.000649443426983076
Filobacterium	1	6.49443426983076e-06	0.000649443426983076
Flammeovirga	1	6.49443426983076e-06	0.000649443426983076
Flexivirga	1	6.49443426983076e-06	0.000649443426983076
Fontimonas	1	6.49443426983076e-06	0.000649443426983076
Friedmanniomyces	1	6.49443426983076e-06	0.000649443426983076
Fulvimarina	1	6.49443426983076e-06	0.000649443426983076
GBChlB	1	6.49443426983076e-06	0.000649443426983076
Geoglossum	1	6.49443426983076e-06	0.000649443426983076
Gibbsiella	1	6.49443426983076e-06	0.000649443426983076
Gluconobacter	1	6.49443426983076e-06	0.000649443426983076
Granulicoccus	1	6.49443426983076e-06	0.000649443426983076
Granulosicoccus	1	6.49443426983076e-06	0.000649443426983076
Gryllotalpicola	1	6.49443426983076e-06	0.000649443426983076
Gymnophrys	1	6.49443426983076e-06	0.000649443426983076
Halalkalibacillus	1	6.49443426983076e-06	0.000649443426983076
Halanaerobium	1	6.49443426983076e-06	0.000649443426983076
Halioxenophilus	1	6.49443426983076e-06	0.000649443426983076
Halojulella	1	6.49443426983076e-06	0.000649443426983076
Halorhodospira	1	6.49443426983076e-06	0.000649443426983076
Halothiobacillus	1	6.49443426983076e-06	0.000649443426983076
Hartmannella	1	6.49443426983076e-06	0.000649443426983076
Hasegawazyma	1	6.49443426983076e-06	0.000649443426983076
Heliobacterium	1	6.49443426983076e-06	0.000649443426983076
Hesperomyces	1	6.49443426983076e-06	0.000649443426983076
Heteromita	1	6.49443426983076e-06	0.000649443426983076
Holdemanella	1	6.49443426983076e-06	0.000649443426983076
Holospora	1	6.49443426983076e-06	0.000649443426983076
Hydnellum	1	6.49443426983076e-06	0.000649443426983076
Hydrobacter	1	6.49443426983076e-06	0.000649443426983076
Hydrotalea	1	6.49443426983076e-06	0.000649443426983076
Hymenobacter	1	6.49443426983076e-06	0.000649443426983076
Hyphodontia	1	6.49443426983076e-06	0.000649443426983076
Hyponectria	1	6.49443426983076e-06	0.000649443426983076
Hysterographium	1	6.49443426983076e-06	0.000649443426983076
IMCC26207	1	6.49443426983076e-06	0.000649443426983076
Idiomarina	1	6.49443426983076e-06	0.000649443426983076
Inhella	1	6.49443426983076e-06	0.000649443426983076
JCM8259	1	6.49443426983076e-06	0.000649443426983076
JTB215	1	6.49443426983076e-06	0.000649443426983076
KCM-B-112	1	6.49443426983076e-06	0.000649443426983076
Kaistia	1	6.49443426983076e-06	0.000649443426983076
Kibdelosporangium	1	6.49443426983076e-06	0.000649443426983076
Kockovaella	1	6.49443426983076e-06	0.000649443426983076
Kosakonia	1	6.49443426983076e-06	0.000649443426983076
Lachnoclostridium	1	6.49443426983076e-06	0.000649443426983076
Lachnospira	1	6.49443426983076e-06	0.000649443426983076
Lachnospiraceae NC2004 group	1	6.49443426983076e-06	0.000649443426983076
Lachnospiraceae ND3007 group	1	6.49443426983076e-06	0.000649443426983076
Lachnospiraceae UCG-001	1	6.49443426983076e-06	0.000649443426983076
Lachnospiraceae UCG-008	1	6.49443426983076e-06	0.000649443426983076
Lelliottia	1	6.49443426983076e-06	0.000649443426983076
Leucangium	1	6.49443426983076e-06	0.000649443426983076
Leuconostoc	1	6.49443426983076e-06	0.000649443426983076
Lichenomphalia	1	6.49443426983076e-06	0.000649443426983076
Limimonas	1	6.49443426983076e-06	0.000649443426983076
Limonomyces	1	6.49443426983076e-06	0.000649443426983076
Lophiostoma	1	6.49443426983076e-06	0.000649443426983076
Luedemannella	1	6.49443426983076e-06	0.000649443426983076
Lutimonas	1	6.49443426983076e-06	0.000649443426983076
Lysinimicrobium	1	6.49443426983076e-06	0.000649443426983076
MD3-55	1	6.49443426983076e-06	0.000649443426983076
MM1	1	6.49443426983076e-06	0.000649443426983076
Mameliella	1	6.49443426983076e-06	0.000649443426983076
Marine Methylotrophic Group 2	1	6.49443426983076e-06	0.000649443426983076
Marinicaulis	1	6.49443426983076e-06	0.000649443426983076
Marinifilum	1	6.49443426983076e-06	0.000649443426983076
Mariprofundus	1	6.49443426983076e-06	0.000649443426983076
Maritalea	1	6.49443426983076e-06	0.000649443426983076
Megasphaera	1	6.49443426983076e-06	0.000649443426983076
Methylibium	1	6.49443426983076e-06	0.000649443426983076
Methylocaldum	1	6.49443426983076e-06	0.000649443426983076
Methylocella	1	6.49443426983076e-06	0.000649443426983076
Methylomicrobium	1	6.49443426983076e-06	0.000649443426983076
Methylonatrum	1	6.49443426983076e-06	0.000649443426983076
Methylothermus	1	6.49443426983076e-06	0.000649443426983076
Metschnikowia	1	6.49443426983076e-06	0.000649443426983076
Micarea	1	6.49443426983076e-06	0.000649443426983076
Mobilicoccus	1	6.49443426983076e-06	0.000649443426983076
Modicella	1	6.49443426983076e-06	0.000649443426983076
Monomorphina	1	6.49443426983076e-06	0.000649443426983076
Monosiga	1	6.49443426983076e-06	0.000649443426983076
Moorella	1	6.49443426983076e-06	0.000649443426983076
Mrakia	1	6.49443426983076e-06	0.000649443426983076
Mucilaginibacter	1	6.49443426983076e-06	0.000649443426983076
Mucomycosphaerella	1	6.49443426983076e-06	0.000649443426983076
Mumia	1	6.49443426983076e-06	0.000649443426983076
Muricauda	1	6.49443426983076e-06	0.000649443426983076
Myroides	1	6.49443426983076e-06	0.000649443426983076
NK4A214 group	1	6.49443426983076e-06	0.000649443426983076
NS5 marine group	1	6.49443426983076e-06	0.000649443426983076
Nakazawaea	1	6.49443426983076e-06	0.000649443426983076
Negativicoccus	1	6.49443426983076e-06	0.000649443426983076
Neptunomonas	1	6.49443426983076e-06	0.000649443426983076
Nitratiruptor	1	6.49443426983076e-06	0.000649443426983076
Nitrincola	1	6.49443426983076e-06	0.000649443426983076
Nodosilinea PCC-7104	1	6.49443426983076e-06	0.000649443426983076
Oceanibaculum	1	6.49443426983076e-06	0.000649443426983076
Octadecabacter	1	6.49443426983076e-06	0.000649443426983076
Oleispira	1	6.49443426983076e-06	0.000649443426983076
Ornatilinea	1	6.49443426983076e-06	0.000649443426983076
Paenochrobactrum	1	6.49443426983076e-06	0.000649443426983076
Paludibaculum	1	6.49443426983076e-06	0.000649443426983076
Pannonibacter	1	6.49443426983076e-06	0.000649443426983076
Paramaledivibacter	1	6.49443426983076e-06	0.000649443426983076
Parapedobacter	1	6.49443426983076e-06	0.000649443426983076
Parasegetibacter	1	6.49443426983076e-06	0.000649443426983076
Parmeliopsis	1	6.49443426983076e-06	0.000649443426983076
Pasteurella	1	6.49443426983076e-06	0.000649443426983076
Paucimonas	1	6.49443426983076e-06	0.000649443426983076
Pectinatus	1	6.49443426983076e-06	0.000649443426983076
Peptococcus	1	6.49443426983076e-06	0.000649443426983076
Peptoniphilus	1	6.49443426983076e-06	0.000649443426983076
Peptostreptococcus	1	6.49443426983076e-06	0.000649443426983076
Phragmidium	1	6.49443426983076e-06	0.000649443426983076
Physcia	1	6.49443426983076e-06	0.000649443426983076
Physconia	1	6.49443426983076e-06	0.000649443426983076
Piptocephalis	1	6.49443426983076e-06	0.000649443426983076
Piscibacillus	1	6.49443426983076e-06	0.000649443426983076
Plantactinospora	1	6.49443426983076e-06	0.000649443426983076
Pontibacter	1	6.49443426983076e-06	0.000649443426983076
Porticoccus	1	6.49443426983076e-06	0.000649443426983076
Prevotellaceae UCG-001	1	6.49443426983076e-06	0.000649443426983076
Priceomyces	1	6.49443426983076e-06	0.000649443426983076
Propionicicella	1	6.49443426983076e-06	0.000649443426983076
Prorocentrum	1	6.49443426983076e-06	0.000649443426983076
Prosthecomicrobium	1	6.49443426983076e-06	0.000649443426983076
Proteus	1	6.49443426983076e-06	0.000649443426983076
Pseudochrobactrum	1	6.49443426983076e-06	0.000649443426983076
Pseudovibrio	1	6.49443426983076e-06	0.000649443426983076
Puccinia	1	6.49443426983076e-06	0.000649443426983076
Renispora	1	6.49443426983076e-06	0.000649443426983076
Rhodoligotrophos	1	6.49443426983076e-06	0.000649443426983076
Rhodotorula	1	6.49443426983076e-06	0.000649443426983076
Rhodovulum	1	6.49443426983076e-06	0.000649443426983076
Rinodina	1	6.49443426983076e-06	0.000649443426983076
Roseibacterium	1	6.49443426983076e-06	0.000649443426983076
Roseobacter clade NAC11-7 lineage	1	6.49443426983076e-06	0.000649443426983076
Roussoella	1	6.49443426983076e-06	0.000649443426983076
Rubellimicrobium	1	6.49443426983076e-06	0.000649443426983076
Rubritepida	1	6.49443426983076e-06	0.000649443426983076
Rubrobacter	1	6.49443426983076e-06	0.000649443426983076
Ruminiclostridium	1	6.49443426983076e-06	0.000649443426983076
S5-A14a	1	6.49443426983076e-06	0.000649443426983076
SH3-11	1	6.49443426983076e-06	0.000649443426983076
SP3-e08	1	6.49443426983076e-06	0.000649443426983076
SUP05 cluster	1	6.49443426983076e-06	0.000649443426983076
SZB85	1	6.49443426983076e-06	0.000649443426983076
Saccharothrix	1	6.49443426983076e-06	0.000649443426983076
Salegentibacter	1	6.49443426983076e-06	0.000649443426983076
Salinisphaera	1	6.49443426983076e-06	0.000649443426983076
Sanguibacter	1	6.49443426983076e-06	0.000649443426983076
Sarcocystis	1	6.49443426983076e-06	0.000649443426983076
Schizochytrium	1	6.49443426983076e-06	0.000649443426983076
Scutellinia	1	6.49443426983076e-06	0.000649443426983076
Sedimenticola	1	6.49443426983076e-06	0.000649443426983076
Serinicoccus	1	6.49443426983076e-06	0.000649443426983076
Silanimonas	1	6.49443426983076e-06	0.000649443426983076
Sorangium	1	6.49443426983076e-06	0.000649443426983076
Sorodiplophrys	1	6.49443426983076e-06	0.000649443426983076
Spirochaeta 2	1	6.49443426983076e-06	0.000649443426983076
Sporichthya	1	6.49443426983076e-06	0.000649443426983076
Starmerella-Candida clade	1	6.49443426983076e-06	0.000649443426983076
Stereocaulon	1	6.49443426983076e-06	0.000649443426983076
Stereum	1	6.49443426983076e-06	0.000649443426983076
Subgroup 23	1	6.49443426983076e-06	0.000649443426983076
Succiniclasticum	1	6.49443426983076e-06	0.000649443426983076
Sugitazyma	1	6.49443426983076e-06	0.000649443426983076
Sulfuricella	1	6.49443426983076e-06	0.000649443426983076
Sulfurovum	1	6.49443426983076e-06	0.000649443426983076
Sva0081 sediment group	1	6.49443426983076e-06	0.000649443426983076
Syner-01	1	6.49443426983076e-06	0.000649443426983076
Tepidibacter	1	6.49443426983076e-06	0.000649443426983076
Tepidimonas	1	6.49443426983076e-06	0.000649443426983076
Teratoramularia	1	6.49443426983076e-06	0.000649443426983076
Terrimonas	1	6.49443426983076e-06	0.000649443426983076
Theileria	1	6.49443426983076e-06	0.000649443426983076
Thermincola	1	6.49443426983076e-06	0.000649443426983076
Thermoanaerobacter	1	6.49443426983076e-06	0.000649443426983076
Thiohalorhabdus	1	6.49443426983076e-06	0.000649443426983076
Thyrea	1	6.49443426983076e-06	0.000649443426983076
Thysanophora	1	6.49443426983076e-06	0.000649443426983076
Tianweitania	1	6.49443426983076e-06	0.000649443426983076
Tistrella	1	6.49443426983076e-06	0.000649443426983076
Toninia	1	6.49443426983076e-06	0.000649443426983076
Torula	1	6.49443426983076e-06	0.000649443426983076
Trichoderma	1	6.49443426983076e-06	0.000649443426983076
Truepera	1	6.49443426983076e-06	0.000649443426983076
Tsukamurella	1	6.49443426983076e-06	0.000649443426983076
Tuberibacillus	1	6.49443426983076e-06	0.000649443426983076
Uliginosibacterium	1	6.49443426983076e-06	0.000649443426983076
Verrucaria	1	6.49443426983076e-06	0.000649443426983076
Vicingus	1	6.49443426983076e-06	0.000649443426983076
Vitiosangium	1	6.49443426983076e-06	0.000649443426983076
Vitreoscilla	1	6.49443426983076e-06	0.000649443426983076
Volvariella	1	6.49443426983076e-06	0.000649443426983076
W5	1	6.49443426983076e-06	0.000649443426983076
Weissella	1	6.49443426983076e-06	0.000649443426983076
Wicherhamiella-Candida clade	1	6.49443426983076e-06	0.000649443426983076
Xanthomarina	1	6.49443426983076e-06	0.000649443426983076
Xanthomonas	1	6.49443426983076e-06	0.000649443426983076
Yarrowia	1	6.49443426983076e-06	0.000649443426983076
Z-35	1	6.49443426983076e-06	0.000649443426983076
Zhongshania	1	6.49443426983076e-06	0.000649443426983076
[Bacteroides] pectinophilus group	1	6.49443426983076e-06	0.000649443426983076
[Caedibacter] taeniospiralis group	1	6.49443426983076e-06	0.000649443426983076
[Eubacterium] ruminantium group	1	6.49443426983076e-06	0.000649443426983076
pItb-vmat-59	1	6.49443426983076e-06	0.000649443426983076
